INSERT INTO ACCOUNT(ID, BALANCE) VALUES( 10001, 1000);
INSERT INTO ACCOUNT(ID, BALANCE) VALUES( 10002, 1000);
INSERT INTO SYMBOL(SYM, ID, POS) VALUES( 'piazza', 10001, 500);
INSERT INTO SYMBOL(SYM, ID, POS) VALUES( 'piazza', 10002, 1000);
CREATE TABLE SPIAZZA(ID INT PRIMARY KEY REFERENCES TORDER(ID) ON UPDATE CASCADE ON DELETE CASCADE,
                     ACCOUNT INT REFERENCES ACCOUNT(ID), 
       	             SYM   TEXT   NOT NULL, 
                     PRICE  INT   NOT NULL, 
                     AMOUNT INT  NOT NULL );
CREATE TABLE BPIAZZA(ID INT PRIMARY KEY REFERENCES TORDER(ID) ON UPDATE CASCADE ON DELETE CASCADE,
                     ACCOUNT INT REFERENCES ACCOUNT(ID),
                     SYM   TEXT   NOT NULL,
                     PRICE  INT   NOT NULL,
                     AMOUNT INT  NOT NULL );

INSERT INTO TORDER(ID, ACCOUNT, SYM, PRICE, AMOUNT) VALUES( 1, 10001, 'piazza', 125, 300);
INSERT INTO BPIAZZA(ID, ACCOUNT, SYM, PRICE, AMOUNT) VALUES( 1, 10001, 'piazza', 125,300);
INSERT INTO TORDER(ID, ACCOUNT, SYM, PRICE, AMOUNT) VALUES( 2, 10002, 'piazza', 130, 100);
INSERT INTO SPIAZZA(ID, ACCOUNT, SYM, PRICE, AMOUNT) VALUES( 2, 10002, 'piazza', 130,100);
INSERT INTO TORDER(ID, ACCOUNT, SYM, PRICE, AMOUNT) VALUES( 3, 10001, 'piazza', 127, 200);
INSERT INTO BPIAZZA(ID, ACCOUNT, SYM, PRICE, AMOUNT) VALUES( 3, 10001, 'piazza', 127, 200);
INSERT INTO TORDER(ID, ACCOUNT, SYM, PRICE, AMOUNT) VALUES( 4, 10002, 'piazza', 128, 500);
INSERT INTO SPIAZZA(ID, ACCOUNT, SYM, PRICE, AMOUNT) VALUES( 4, 10002, 'piazza', 128, 500);
INSERT INTO TORDER(ID, ACCOUNT, SYM, PRICE, AMOUNT) VALUES( 5, 10002, 'piazza', 140, 200);
INSERT INTO SPIAZZA(ID, ACCOUNT, SYM, PRICE, AMOUNT) VALUES( 5, 10002, 'piazza', 140, 200)
INSERT INTO TORDER(ID, ACCOUNT, SYM, PRICE, AMOUNT) VALUES( 6, 10001, 'piazza', 125, 400);
INSERT INTO BPIAZZA(ID, ACCOUNT, SYM, PRICE, AMOUNT) VALUES( 6, 10001, 'piazza', 125, 400);
